Антецедент,Консеквент,Поддержка,Доверие,Lift
frozen smoothie,mineral water,0.060,1.000,3.125
body spray,green tea,0.040,1.000,7.143
body spray,pancakes,0.040,1.000,25.000
pancakes,body spray,0.040,1.000,25.000
cottage cheese,mineral water,0.040,1.000,3.125
fresh tuna,mineral water,0.040,1.000,3.125
fresh tuna,spaghetti,0.040,1.000,4.545
pancakes,green tea,0.040,1.000,7.143
ground beef,mineral water,0.040,1.000,3.125
hot dogs,soup,0.040,1.000,12.500
whole wheat rice,mineral water,0.040,1.000,3.125
yams,mineral water,0.040,1.000,3.125
pasta,shrimp,0.040,1.000,12.500
"avocado, honey",shrimp,0.040,1.000,12.500
"avocado, shrimp",honey,0.040,1.000,10.000
"black tea, mineral water",salmon,0.040,1.000,10.000
"black tea, salmon",mineral water,0.040,1.000,3.125
"black tea, mineral water",spaghetti,0.040,1.000,4.545
"black tea, spaghetti",mineral water,0.040,1.000,3.125
"black tea, salmon",spaghetti,0.040,1.000,4.545
"black tea, spaghetti",salmon,0.040,1.000,10.000
body spray,"green tea, pancakes",0.040,1.000,25.000
pancakes,"body spray, green tea",0.040,1.000,25.000
"body spray, green tea",pancakes,0.040,1.000,25.000
"body spray, pancakes",green tea,0.040,1.000,7.143
"green tea, pancakes",body spray,0.040,1.000,25.000
"chicken, eggs",mineral water,0.040,1.000,3.125
"chocolate, mineral water",eggs,0.040,1.000,5.556
"mineral water, turkey",eggs,0.040,1.000,5.556
"energy bar, milk",mineral water,0.040,1.000,3.125
"energy bar, mineral water",milk,0.040,1.000,12.500
"milk, mineral water",energy bar,0.040,1.000,16.667
"escalope, frozen smoothie",mineral water,0.040,1.000,3.125
"escalope, mineral water",frozen smoothie,0.040,1.000,16.667
"escalope, frozen smoothie",spaghetti,0.040,1.000,4.545
"frozen smoothie, spaghetti",escalope,0.040,1.000,12.500
"escalope, mineral water",spaghetti,0.040,1.000,4.545
"escalope, salmon",spaghetti,0.040,1.000,4.545
fresh tuna,"mineral water, spaghetti",0.040,1.000,10.000
"fresh tuna, mineral water",spaghetti,0.040,1.000,4.545
"fresh tuna, spaghetti",mineral water,0.040,1.000,3.125
"frozen smoothie, honey",mineral water,0.040,1.000,3.125
"honey, mineral water",frozen smoothie,0.040,1.000,16.667
"frozen smoothie, salmon",mineral water,0.040,1.000,3.125
"frozen smoothie, spaghetti",mineral water,0.040,1.000,3.125
"frozen vegetables, mineral water",spaghetti,0.040,1.000,4.545
"honey, low fat yogurt",shrimp,0.040,1.000,12.500
"low fat yogurt, shrimp",honey,0.040,1.000,10.000
"black tea, mineral water","salmon, spaghetti",0.040,1.000,16.667
"black tea, salmon","mineral water, spaghetti",0.040,1.000,10.000
"black tea, spaghetti","mineral water, salmon",0.040,1.000,12.500
"black tea, mineral water, salmon",spaghetti,0.040,1.000,4.545
"black tea, mineral water, spaghetti",salmon,0.040,1.000,10.000
"black tea, salmon, spaghetti",mineral water,0.040,1.000,3.125
"mineral water, salmon, spaghetti",black tea,0.040,1.000,16.667
"escalope, frozen smoothie","mineral water, spaghetti",0.040,1.000,10.000
"escalope, mineral water","frozen smoothie, spaghetti",0.040,1.000,25.000
"frozen smoothie, spaghetti","escalope, mineral water",0.040,1.000,25.000
"escalope, frozen smoothie, mineral water",spaghetti,0.040,1.000,4.545
"escalope, frozen smoothie, spaghetti",mineral water,0.040,1.000,3.125
"escalope, mineral water, spaghetti",frozen smoothie,0.040,1.000,16.667
"frozen smoothie, mineral water, spaghetti",escalope,0.040,1.000,12.500
salmon,mineral water,0.080,0.800,2.500
chicken,mineral water,0.060,0.750,2.344
escalope,spaghetti,0.060,0.750,3.409
frozen vegetables,spaghetti,0.060,0.750,3.409
shrimp,honey,0.060,0.750,7.500
black tea,mineral water,0.040,0.667,2.083
black tea,salmon,0.040,0.667,6.667
black tea,spaghetti,0.040,0.667,3.030
energy bar,milk,0.040,0.667,8.333
energy bar,mineral water,0.040,0.667,2.083
frozen smoothie,escalope,0.040,0.667,8.333
frozen smoothie,honey,0.040,0.667,6.667
frozen smoothie,salmon,0.040,0.667,6.667
frozen smoothie,spaghetti,0.040,0.667,3.030
low fat yogurt,honey,0.040,0.667,6.667
low fat yogurt,shrimp,0.040,0.667,8.333
"honey, shrimp",avocado,0.040,0.667,4.762
black tea,"mineral water, salmon",0.040,0.667,8.333
black tea,"mineral water, spaghetti",0.040,0.667,6.667
black tea,"salmon, spaghetti",0.040,0.667,11.111
"salmon, spaghetti",black tea,0.040,0.667,11.111
"chicken, mineral water",eggs,0.040,0.667,3.704
"chocolate, eggs",mineral water,0.040,0.667,2.083
"eggs, turkey",mineral water,0.040,0.667,2.083
energy bar,"milk, mineral water",0.040,0.667,16.667
frozen smoothie,"escalope, mineral water",0.040,0.667,16.667
"frozen smoothie, mineral water",escalope,0.040,0.667,8.333
frozen smoothie,"escalope, spaghetti",0.040,0.667,11.111
"escalope, spaghetti",frozen smoothie,0.040,0.667,11.111
"escalope, spaghetti",mineral water,0.040,0.667,2.083
"escalope, spaghetti",salmon,0.040,0.667,6.667
"salmon, spaghetti",escalope,0.040,0.667,8.333
frozen smoothie,"honey, mineral water",0.040,0.667,16.667
"frozen smoothie, mineral water",honey,0.040,0.667,6.667
frozen smoothie,"mineral water, salmon",0.040,0.667,8.333
"frozen smoothie, mineral water",salmon,0.040,0.667,6.667
frozen smoothie,"mineral water, spaghetti",0.040,0.667,6.667
"frozen smoothie, mineral water",spaghetti,0.040,0.667,3.030
"frozen vegetables, spaghetti",mineral water,0.040,0.667,2.083
low fat yogurt,"honey, shrimp",0.040,0.667,11.111
"honey, shrimp",low fat yogurt,0.040,0.667,11.111
"salmon, spaghetti",mineral water,0.040,0.667,2.083
black tea,"mineral water, salmon, spaghetti",0.040,0.667,16.667
"salmon, spaghetti","black tea, mineral water",0.040,0.667,16.667
frozen smoothie,"escalope, mineral water, spaghetti",0.040,0.667,16.667
"escalope, spaghetti","frozen smoothie, mineral water",0.040,0.667,11.111
"frozen smoothie, mineral water","escalope, spaghetti",0.040,0.667,11.111
chocolate,eggs,0.060,0.600,3.333
turkey,eggs,0.060,0.600,3.333
honey,shrimp,0.060,0.600,7.500
salmon,spaghetti,0.060,0.600,2.727
shrimp,avocado,0.040,0.500,3.571
soup,avocado,0.040,0.500,3.571
burgers,eggs,0.040,0.500,2.778
chicken,chocolate,0.040,0.500,5.000
chicken,eggs,0.040,0.500,2.778
shrimp,chocolate,0.040,0.500,5.000
milk,energy bar,0.040,0.500,8.333
escalope,frozen smoothie,0.040,0.500,8.333
escalope,mineral water,0.040,0.500,1.562
escalope,salmon,0.040,0.500,5.000
frozen vegetables,mineral water,0.040,0.500,1.562
soup,hot dogs,0.040,0.500,12.500
shrimp,low fat yogurt,0.040,0.500,8.333
milk,mineral water,0.040,0.500,1.562
milk,spaghetti,0.040,0.500,2.273
shrimp,pasta,0.040,0.500,12.500
shrimp,"avocado, honey",0.040,0.500,12.500
"mineral water, salmon",black tea,0.040,0.500,8.333
chicken,"eggs, mineral water",0.040,0.500,6.250
"eggs, mineral water",chicken,0.040,0.500,6.250
"eggs, mineral water",chocolate,0.040,0.500,5.000
"eggs, mineral water",turkey,0.040,0.500,5.000
milk,"energy bar, mineral water",0.040,0.500,12.500
escalope,"frozen smoothie, mineral water",0.040,0.500,8.333
escalope,"frozen smoothie, spaghetti",0.040,0.500,12.500
escalope,"mineral water, spaghetti",0.040,0.500,5.000
escalope,"salmon, spaghetti",0.040,0.500,8.333
"mineral water, salmon",frozen smoothie,0.040,0.500,8.333
frozen vegetables,"mineral water, spaghetti",0.040,0.500,5.000
shrimp,"honey, low fat yogurt",0.040,0.500,12.500
"mineral water, salmon",spaghetti,0.040,0.500,2.273
"mineral water, salmon","black tea, spaghetti",0.040,0.500,12.500
escalope,"frozen smoothie, mineral water, spaghetti",0.040,0.500,12.500
spaghetti,mineral water,0.100,0.455,1.420
eggs,mineral water,0.080,0.444,1.389
green tea,mineral water,0.060,0.429,1.339
honey,avocado,0.040,0.400,2.857
salmon,black tea,0.040,0.400,6.667
chocolate,chicken,0.040,0.400,5.000
chocolate,mineral water,0.040,0.400,1.250
chocolate,shrimp,0.040,0.400,5.000
salmon,escalope,0.040,0.400,5.000
honey,frozen smoothie,0.040,0.400,6.667
salmon,frozen smoothie,0.040,0.400,6.667
honey,low fat yogurt,0.040,0.400,6.667
honey,mineral water,0.040,0.400,1.250
turkey,mineral water,0.040,0.400,1.250
honey,"avocado, shrimp",0.040,0.400,10.000
salmon,"black tea, mineral water",0.040,0.400,10.000
"mineral water, spaghetti",black tea,0.040,0.400,6.667
salmon,"black tea, spaghetti",0.040,0.400,10.000
chocolate,"eggs, mineral water",0.040,0.400,5.000
turkey,"eggs, mineral water",0.040,0.400,5.000
"mineral water, spaghetti",escalope,0.040,0.400,5.000
salmon,"escalope, spaghetti",0.040,0.400,6.667
"mineral water, spaghetti",fresh tuna,0.040,0.400,10.000
honey,"frozen smoothie, mineral water",0.040,0.400,6.667
salmon,"frozen smoothie, mineral water",0.040,0.400,6.667
"mineral water, spaghetti",frozen smoothie,0.040,0.400,6.667
"mineral water, spaghetti",frozen vegetables,0.040,0.400,5.000
honey,"low fat yogurt, shrimp",0.040,0.400,10.000
salmon,"mineral water, spaghetti",0.040,0.400,4.000
"mineral water, spaghetti",salmon,0.040,0.400,4.000
salmon,"black tea, mineral water, spaghetti",0.040,0.400,10.000
"mineral water, spaghetti","black tea, salmon",0.040,0.400,10.000
"mineral water, spaghetti","escalope, frozen smoothie",0.040,0.400,10.000
eggs,chocolate,0.060,0.333,3.333
eggs,turkey,0.060,0.333,3.333
mineral water,spaghetti,0.100,0.312,1.420
